,RS-GLinUCB (This work),ECOLog (Faury et al. 2022)
Low Kappa,7.8203946455999995,33.58461401625
High Kappa,13.45965177025,37.91208712905
