,RS-GLinUCB (This work),ECOLog (Faury et al. 2022)
Low Kappa,0.08644092594215409,1.4028040626652782
High Kappa,0.09862129475323955,0.6240752589055479
