,RS-GLinUCB (This work),GLOC (Jun et al. 2017)
Low Kappa,9.996929021100001,26.68130359795
High Kappa,17.318236466149997,26.99990625745
