,RS-GLinUCB (This work),GLOC (Jun et al. 2017)
Low Kappa,0.032247007961811194,0.0837064731970426
High Kappa,0.1846039090146484,0.09765697624814505
