,RS-GLinUCB (This work),GLOC (Jun et al. 2017)
Low Kappa,2.6367576985000003,7.007851035249999
High Kappa,9.60838722595,7.008390084
