,RS-GLinUCB (This work),GLOC (Jun et al. 2017)
Low Kappa,0.09910569592629621,0.1540147939644838
High Kappa,0.4893000880652434,0.21118317989013846
